city;district
Санкт-Петербург;Адмиралтейский
Санкт-Петербург;Василеостровский
Санкт-Петербург;Выборгский
Санкт-Петербург;Калининский
Санкт-Петербург;Кировский
Санкт-Петербург;Колпинский
Санкт-Петербург;Красногвардейский
Санкт-Петербург;Красносельский
Санкт-Петербург;Кронштадтский
Санкт-Петербург;Курортный
Санкт-Петербург;Московский
Санкт-Петербург;Невский
Санкт-Петербург;Петроградский
Санкт-Петербург;Петродворцовый
Санкт-Петербург;Приморский
Санкт-Петербург;Пушкинский
Санкт-Петербург;Фрунзенский
Санкт-Петербург;Центральный
Москва;Арбат
Москва;Басманный район
Москва;Замоскворечье
Москва;Красносельский район
Москва;Мещанский район
Москва;Пресненский район
Москва;Таганский район
Москва;Тверской район
Москва;Хамовники
Москва;Якиманка
Москва;Аэропорт
Москва;Беговой
Москва;Бескудниковский район
Москва;Войковский район
Москва;Восточное Дегунино
Москва;Головинский район
Москва;Дмитровский район
Москва;Западное Дегунино
Москва;Коптево
Москва;Левобережный
Москва;Молжаниновский район
Москва;Савёловский район
Москва;Сокол
Москва;Тимирязевский район
Москва;Ховрино
Москва;Хорошёвский район
Москва;Алексеевский район
Москва;Алтуфьевский район
Москва;Бабушкинский район
Москва;Бибирево
Москва;Бутырский район
Москва;Лианозово
Москва;Лосиноостровский район
Москва;Марфино
Москва;Марьина роща
Москва;Останкинский район
Москва;Отрадное
Москва;Ростокино
Москва;Свиблово
Москва;Северный
Москва;Северное Медведково
Москва;Южное Медведково
Москва;Ярославский район
Москва;Богородское
Москва;Вешняки
Москва;Восточный
Москва;Восточное Измайлово
Москва;Гольяново
Москва;Ивановское
Москва;Измайлово
Москва;Косино-Ухтомский
Москва;Метрогородок
Москва;Новогиреево
Москва;Новокосино
Москва;Перово
Москва;Преображенское
Москва;Северное Измайлово
Москва;Соколиная Гора
Москва;Сокольники
Москва;Выхино-Жулебино
Москва;Капотня
Москва;Кузьминки
Москва;Лефортово
Москва;Люблино
Москва;Марьино
Москва;Некрасовка
Москва;Нижегородский район
Москва;Печатники
Москва;Рязанский район
Москва;Текстильщики
Москва;Южнопортовый район
Москва;Бирюлёво Восточное
Москва;Бирюлёво Западное
Москва;Братеево
Москва;Даниловский район
Москва;Донской район
Москва;Зябликово
Москва;Москворечье-Сабурово
Москва;Нагатино-Садовники
Москва;Нагатинский Затон
Москва;Нагорный район
Москва;Орехово-Борисово Северное
Москва;Орехово-Борисово Южное
Москва;Царицыно
Москва;Чертаново Северное
Москва;Чертаново Центральное
Москва;Чертаново Южное
Москва;Академический район
Москва;Гагаринский район
Москва;Зюзино
Москва;Коньково
Москва;Котловка
Москва;Ломоносовский район
Москва;Обручевский район
Москва;Северное Бутово
Москва;Тёплый Стан
Москва;Черёмушки
Москва;Южное Бутово
Москва;Ясенево
Москва;Внуково
Москва;Дорогомилово
Москва;Крылатское
Москва;Кунцево
Москва;Можайский район
Москва;Ново-Переделкино
Москва;Очаково-Матвеевское
Москва;Проспект Вернадского
Москва;Раменки
Москва;Солнцево
Москва;Тропарёво-Никулино
Москва;Филёвский Парк
Москва;Фили-Давыдково
Москва;Куркино
Москва;Митино
Москва;Покровское-Стрешнево
Москва;Северное Тушино
Москва;Строгино
Москва;Хорошёво-Мнёвники
Москва;Щукино
Москва;Южное Тушино
Москва;Матушкино
Москва;Савёлки
Москва;Старое Крюково
Москва;Силино
Москва;Крюково
